IP,Country,Download,Upload,Latency,ISP,Timestamp,Latitude,Longitude,ConnectionType,DeviceID,POP,AppID,ExchangeName,Date Time,City Distance,City?,Hour,Peak?
92.241.37.192 HTTP/1.1,JO,19.176,18.817,127,Umniah,1.54E+12,31.983977,35.924226,cellular,00040793-dd52-4522-b7e2-38832ee405f0,FRA,com.askfm,mopub,26/11/2018 17:24,6164.011884,Yes,17,Yes,6164.0118838950175,True
92.241.37.192 HTTP/1.1,JO,6.45,0,122,Umniah,1.54E+12,31.983977,35.924226,cellular,00040793-dd52-4522-b7e2-38832ee405f0,FRA,com.askfm,mopub,26/11/2018 17:24,6164.011884,Yes,17,Yes,6164.0118838950175,True
92.241.37.192 HTTP/1.1,JO,2.394,13.749,121,Umniah,1.54E+12,31.983977,35.924226,cellular,00040793-dd52-4522-b7e2-38832ee405f0,FRA,com.askfm,mopub,26/11/2018 17:24,6164.011884,Yes,17,Yes,6164.0118838950175,True
2.91.229.215 HTTP/1.1,SA,5.185,3.555,133,Saudi Telecom Company Jsc,1.54E+12,0,0,fixed,0007120c-522a-49bd-9e7a-14b8311d93c7,LHR|AMS,messenger.sms,mopub,21/11/2018 17:21,5463035.296,No,17,Yes,5463035.296035325,False
178.80.113.151 HTTP/1.1,SA,76.965,23.756,49,Mobily,1.54E+12,26.989078,49.655941,fixed,000c867c-1ac0-47fe-83d1-88eae3a612ba,DXB,com.gau.go.launcherex,mopub,21/11/2018 09:15,389684.0856,No,9,No,389684.0855690878,False
94.200.205.90 HTTP/1.1,AE,4.664,6.031,140,Emirates Integrated Telecommunications Company Pjsc Eitc-Du,1.54E+12,25.253543,55.332851,fixed,000eb33b-639a-407a-b715-1647722d4f52,LHR,com.hornet.android,mopub,22/11/2018 12:45,121243.429,No,12,No,121243.42900082872,False
212.34.23.121 HTTP/1.1,JO,18.115,12.888,111,Jordan Telecommunications Company,1.54E+12,31.952708,35.840035,cellular,000f282f-3b33-4187-af28-5c25711c68ed,MRS,com.scores365,mopub,26/11/2018 18:49,7600.197983,Yes,18,Yes,7600.197983222801,True
51.39.35.0 HTTP/1.1,SA,4.898,5.789,188,Zain Sa,1.54E+12,24.675383,46.774224,fixed,0014c812-3926-4ae6-b624-43e5be2d172b,RUH,com.waplog.social,mopub,21/11/2018 17:13,5927.882306,Yes,17,Yes,5927.882306038254,True
51.39.35.0 HTTP/1.1,SA,1.693,6.611,245,Zain Sa,1.54E+12,24.675383,46.774224,fixed,0014c812-3926-4ae6-b624-43e5be2d172b,RUH,com.waplog.social,mopub,21/11/2018 17:13,5927.882306,Yes,17,Yes,5927.882306038254,True
51.39.35.0 HTTP/1.1,SA,4.192,11.126,156,Zain Sa,1.54E+12,24.675383,46.774224,fixed,0014c812-3926-4ae6-b624-43e5be2d172b,RUH,com.waplog.social,mopub,21/11/2018 17:14,5927.882306,Yes,17,Yes,5927.882306038254,True
2.49.217.115 HTTP/1.1,AE,0.062,0,338,Emirates Telecommunications Corporation,1.54E+12,0,0,fixed,001a5ddd-15f5-4c52-aa27-4e3386d71d70,LHR,com.utorrent.client,mopub,23/11/2018 09:19,6161509.752,No,9,No,6161509.752007091,False
31.218.13.220 HTTP/1.1,AE,46.332,29.484,203,Etisalat,1.54E+12,25.125424,56.339118,cellular,001c8d63-72a4-4990-9f59-e7104fa7756a,AMS|LHR,com.skout.android,mopub,22/11/2018 16:06,195043.0166,No,16,No,195043.01657786034,False
212.34.22.7 HTTP/1.1,JO,9.823,3.501,143,Jordan Telecommunications Company,1.54E+12,33.554086,-7.5580697,cellular,0025e8ed-4bf7-434a-8859-94127e13287b,MRS,com.whoshere.whoshere,mopub,26/11/2018 19:44,4115058.002,No,19,No,4115058.0023933216,False
92.241.62.99 HTTP/1.1,JO,4.143,4.084,164,Umniah,1.54E+12,32.307586,36.213728,fixed,0026c897-d044-440d-9cde-87110632a902,FRA,com.waplogmatch.social,mopub,26/11/2018 17:25,50587.80557,No,17,Yes,50587.80557311359,False
92.241.62.99 HTTP/1.1,JO,2.61,6.379,151,Umniah,1.54E+12,32.307586,36.213728,fixed,0026c897-d044-440d-9cde-87110632a902,FRA,com.waplogmatch.social,mopub,26/11/2018 17:25,50587.80557,No,17,Yes,50587.80557311359,False
92.241.62.99 HTTP/1.1,JO,1.443,3.545,155,Umniah,1.54E+12,32.307586,36.213728,fixed,0026c897-d044-440d-9cde-87110632a902,FRA,com.waplogmatch.social,mopub,26/11/2018 17:25,50587.80557,No,17,Yes,50587.80557311359,False
94.249.25.200 HTTP/1.1,JO,6.313,3.491,108,Jordan Data Communications Company Llc,1.54E+12,0,0,fixed,0027f6ac-f5fd-4d8f-8728-202362e96c3d,MRS,com.askfm,mopub,26/11/2018 17:08,4906135.766,No,17,Yes,4906135.7662387,False
51.218.160.102 HTTP/1.1,SA,2.334,3.912,178,Saudi Telecom Company Jsc,1.54E+12,24.630631,46.699475,fixed,0028db5b-9651-46f3-88ec-b9d0fd6dd1ca,AMS|FRA,com.nextwave.wcc2,mopub,21/11/2018 17:49,8761.924008,Yes,17,Yes,8761.924007953008,True
5.30.238.6 HTTP/1.1,AE,3.454,3.289,138,Emirates Integrated Telecommunications Company Pjsc Eitc-Du,1.54E+12,25.042214,55.274933,fixed,00319ab5-4828-4487-9873-6e4bc8022afb,LHR,thinkcube.project307,mopub,22/11/2018 16:29,99770.62051,No,16,No,99770.62050858016,False
176.205.5.139 HTTP/1.1,AE,17.35,9.105,136,Emirates Telecommunications Corporation,1.54E+12,24.408531,54.523976,fixed,0033aebf-dd05-4cbc-97fe-87b0a372d240,LHR|AMS,com.skout.android,mopub,22/11/2018 12:43,6666.467922,Yes,12,No,6666.46792200051,True
51.218.235.180 HTTP/1.1,SA,23.89,28.259,200,Saudi Telecom Company Jsc,1.54E+12,24.644233,46.716079,fixed,00370992-4b54-4985-bb0f-3a5e8cd35d8e,LHR|AMS,com.qihoo.security,mopub,21/11/2018 17:19,6905.616178,Yes,17,Yes,6905.616177583369,True
46.32.122.102 HTTP/1.1,JO,2.94,1.944,242,Zain Jo,1.54E+12,0,0,fixed,00434bd5-d513-4ff5-80e3-9633329af2a7,RUH,com.pixel.art.coloring.color.number,mopub,26/11/2018 18:02,4906135.766,No,18,Yes,4906135.7662387,False
91.73.113.18 HTTP/1.1,AE,23.263,6.872,193,Emirates Integrated Telecommunications Company Pjsc Eitc-Du,1.54E+12,24.429937,54.591295,fixed,004776a5-71f2-4012-ac28-7d5163820d06,LHR,com.jb.zcamera,mopub,22/11/2018 12:43,3648.190148,Yes,12,No,3648.1901477388124,True
37.42.159.25 HTTP/1.1,SA,2.55,3.62,79,Mobily,1.54E+12,24.596439,46.688609,fixed,00500907-5786-43f4-bc9e-890ab2159a80,DXB,com.skout.android,mopub,21/11/2018 09:12,12704.46958,No,9,No,12704.4695791687,False
31.218.113.186 HTTP/1.1,AE,1.515,3.48,150,Etisalat,1.54E+12,0,0,fixed,00504354-e483-418d-bb25-5756eef6efd8,SIN|LHR,com.bittorrent.client,mopub,23/11/2018 09:18,6161509.752,No,9,No,6161509.752007091,False
37.220.112.115 HTTP/1.1,JO,6.502,10.923,133,Batelco Jordan,1.54E+12,0,0,fixed,0051e3ed-0125-4ac1-9293-f370391759b6,FRA,com.askfm,mopub,26/11/2018 18:05,4906135.766,No,18,Yes,4906135.7662387,False
94.207.179.210 HTTP/1.1,AE,9.882,4.805,169,Emirates Integrated Telecommunications Company Pjsc Eitc-Du,1.54E+12,0,0,fixed,0055f688-b01f-474a-a579-b6cdb5abce5c,LHR,com.taggedapp,mopub,23/11/2018 09:30,6161509.752,No,9,No,6161509.752007091,False
217.164.146.5 HTTP/1.1,AE,10.104,7.344,161,Emirates Telecommunications Corporation,1.54E+12,24.093045,55.707466,fixed,005cca72-d8af-4189-a575-bafd0bf39850,LHR|SIN,com.gau.go.launcherex,mopub,22/11/2018 16:30,118395.6707,No,16,No,118395.67073154928,False
93.168.245.130 HTTP/1.1,SA,16.87,4.746,149,Saudi Telecom Company Jsc,1.54E+12,24.769182,46.773328,cellular,005dffd5-09cc-4cca-82f5-27362f6e3d60,AMS|LHR,com.pixel.art.coloring.color.number,mopub,21/11/2018 17:19,8483.728594,Yes,17,Yes,8483.728594381984,True
37.42.114.29 HTTP/1.1,SA,14.84,29.559,75,Mobily,1.54E+12,24.782153,46.70559,cellular,00608625-e8d6-459c-a9f5-25bc9df38964,DXB,com.jiubang.alock,mopub,21/11/2018 09:15,8697.668345,Yes,9,No,8697.668345136928,True
37.42.114.29 HTTP/1.1,SA,9.631,15.554,91,Mobily,1.54E+12,24.7762,46.687459,cellular,00608625-e8d6-459c-a9f5-25bc9df38964,DXB,com.jiubang.alock,mopub,21/11/2018 10:28,8713.566144,Yes,10,No,8713.566143706415,True
2001:16a2:b1d:e00:1d76:761a:4825:95d3 HTTP/1.1,SA,26.882,12.456,118,Saudi Telecom Company Jsc,1.54E+12,24.714385,46.786233,fixed,0063606e-e80f-4626-8a93-b8f09e43dcd8,LHR|AMS,com.jiubang.alock,mopub,21/11/2018 10:50,6156.959215,Yes,10,No,6156.959214518608,True
176.47.96.250 HTTP/1.1,SA,0.311,0,208,Saudi Telecom Company Jsc,1.54E+12,17.709825,41.990381,cellular,00669281-c4eb-433f-89e1-2d059aa1a0e1,FRA|LHR,com.vialsoft.radarbot_free,mopub,14/11/2018 14:00,911139.292,No,14,No,911139.2920068965,False
5.31.228.196 HTTP/1.1,AE,11.685,25.509,186,Emirates Integrated Telecommunications Company Pjsc Eitc-Du,1.54E+12,25.197444,55.300353,cellular,006e442c-fa66-483b-a079-77ba71bd8a1c,LHR,com.jiubang.alock,mopub,22/11/2018 16:06,114336.0536,No,16,No,114336.05360733408,False
37.127.15.39 HTTP/1.1,SA,7.971,4.386,66,Mobily,1.54E+12,0,0,cellular,00784364-ce71-4e10-8f6d-a1cd11668599,DXB,com.qihoo.security.lite,mopub,21/11/2018 17:21,5463035.296,No,17,Yes,5463035.296035325,False
5.30.185.40 HTTP/1.1,AE,20.754,11.201,139,Emirates Integrated Telecommunications Company Pjsc Eitc-Du,1.54E+12,25.072794,55.129056,fixed,00789742-d088-4230-a327-ebfa711fd198,LHR,com.gau.go.launcherex,mopub,23/11/2018 09:46,92779.32323,No,9,No,92779.32323441643,False
31.218.128.247 HTTP/1.1,AE,15.06,6.634,170,Etisalat,1.54E+12,24.434439,54.413114,cellular,0078f078-3389-4fe0-92ff-f433b6a2598d,LHR|SIN,com.callapp.contacts,mopub,22/11/2018 16:25,18265.04804,Yes,16,No,18265.048036234748,True
31.218.128.247 HTTP/1.1,AE,23.218,8.694,291,Etisalat,1.54E+12,24.434439,54.413114,cellular,0078f078-3389-4fe0-92ff-f433b6a2598d,LHR|SIN,com.callapp.contacts,mopub,22/11/2018 16:25,18265.04804,Yes,16,No,18265.048036234748,True
31.218.128.247 HTTP/1.1,AE,40.308,6.542,261,Etisalat,1.54E+12,24.434408,54.412,cellular,0078f078-3389-4fe0-92ff-f433b6a2598d,LHR|AMS,com.callapp.contacts,mopub,22/11/2018 17:04,18374.35921,Yes,17,Yes,18374.35920922773,True
151.254.115.102 HTTP/1.1,SA,0.684,4.041,152,Saudi Telecom Company Jsc,1.54E+12,24.686754,46.707516,cellular,00795d8b-f17b-46ce-a0ba-714e50d0f754,FRA|LHR|AMS,com.skout.android,mopub,14/11/2018 13:56,2834.422477,Yes,13,No,2834.422476874126,True
185.133.180.148 HTTP/1.1,SA,12.135,2.977,111,Etihad Etisalat Company Mobily,1.54E+12,24.714889,46.672364,cellular,007fc93d-1610-4661-bcd4-76d1bf836aa5,DXB,com.qihoo.security,mopub,21/11/2018 10:35,5527.90667,Yes,10,No,5527.906670428166,True
5.107.91.107 HTTP/1.1,AE,18.186,7.075,157,Emirates Telecommunications Corporation,1.54E+12,25.299778,55.377297,fixed,0084ccf8-dd79-4118-bb0c-a90e26e68b5f,LHR,com.skout.android,mopub,22/11/2018 16:06,128058.441,No,16,No,128058.44101761852,False
91.73.21.35 HTTP/1.1,AE,0.083,1.997,213,Emirates Integrated Telecommunications Company Pjsc Eitc-Du,1.54E+12,25.304631,55.622398,cellular,008589f6-2953-46eb-88aa-f0b5d731d628,LHR,com.skout.android,mopub,22/11/2018 12:43,145270.4773,No,12,No,145270.47728579422,False
5.31.190.230 HTTP/1.1,AE,0.127,2.912,187,Emirates Integrated Telecommunications Company Pjsc Eitc-Du,1.54E+12,0,0,cellular,0086a8c4-e66f-4abb-abbf-c8a5df33bba1,LHR,com.picsart.studio,mopub,23/11/2018 09:30,6161509.752,No,9,No,6161509.752007091,False
5.45.139.215 HTTP/1.1,JO,10.761,4.095,124,Umniah Lil-Hawatef Al-Mutanaqelah Co.,1.54E+12,31.959775,35.916089,none,008d2e2a-7773-4072-9ccf-82829db81b49,FRA,com.jb.zcamera,mopub,26/11/2018 18:47,3424.211198,Yes,18,Yes,3424.211198445651,True
5.45.139.215 HTTP/1.1,JO,6.339,4.084,123,Umniah Lil-Hawatef Al-Mutanaqelah Co.,1.54E+12,31.959775,35.916089,none,008d2e2a-7773-4072-9ccf-82829db81b49,FRA,com.jb.zcamera,mopub,26/11/2018 17:08,3424.211198,Yes,17,Yes,3424.211198445651,True
78.95.224.106 HTTP/1.1,SA,13.956,25.895,149,Saudi Telecom Company Jsc,1.54E+12,0,0,cellular,0090ed29-27f5-4ef2-934a-ed19df365496,AMS,com.skout.android,mopub,21/11/2018 17:30,5463035.296,No,17,Yes,5463035.296035325,False
92.97.222.155 HTTP/1.1,AE,20.046,14.552,174,Emirates Telecommunications Corporation,1.54E+12,25.26582,55.381473,fixed,00936085-b98b-4a3b-86cf-21a9567dbf95,SIN|AMS,com.qihoo.security.lite,mopub,22/11/2018 16:06,125415.0425,No,16,No,125415.04253823782,False
188.247.73.236 HTTP/1.1,JO,3.128,10.806,88,Zain Jo,1.54E+12,31.920689,35.926317,fixed,0099cc26-c6b8-452f-97fc-ff18184b45ed,RUH,com.askfm,mopub,26/11/2018 17:16,1376.509119,Yes,17,Yes,1376.509118672096,True
95.184.38.121 HTTP/1.1,SA,5.66,5.616,188,Saudi Telecom Company Jsc,1.54E+12,24.569305,46.844034,cellular,009f0bb6-b38c-4ec7-9693-bc2dd877aaac,LHR|AMS,com.myyearbook.m,mopub,13/11/2018 17:15,19270.2157,No,17,Yes,19270.215695419527,False
46.32.125.72 HTTP/1.1,JO,13.882,22.865,98,Zain Jo,1.54E+12,0,0,cellular,00a23866-d26c-442c-af76-630ae65fc7a8,RUH,com.myyearbook.m,mopub,26/11/2018 18:02,4906135.766,No,18,Yes,4906135.7662387,False
46.32.125.72 HTTP/1.1,JO,15.023,19.363,108,Zain Jo,1.54E+12,0,0,cellular,00a23866-d26c-442c-af76-630ae65fc7a8,RUH,com.myyearbook.m,mopub,26/11/2018 18:02,4906135.766,No,18,Yes,4906135.7662387,False
5.108.168.221 HTTP/1.1,SA,2.455,5.177,134,Mobily,1.54E+12,21.502544,39.326501,fixed,00a31e9c-009d-4813-a85b-861c9782c3e3,DXB,com.pixel.art.coloring.color.number,mopub,21/11/2018 17:30,828579.4609,No,17,Yes,828579.460947053,False
188.247.77.173 HTTP/1.1,JO,2.517,8.441,89,Zain Jo,1.54E+12,0,0,fixed,00a8e526-a81c-45ec-82dd-413bdf0e73c2,RUH,com.askfm,mopub,26/11/2018 17:08,4906135.766,No,17,Yes,4906135.7662387,False
51.36.76.219 HTTP/1.1,SA,0.229,3.725,273,Zain Sa,1.54E+12,0,0,fixed,00ae1ac2-b6d5-4457-8229-a9f8da12da84,RUH,com.myyearbook.m,mopub,21/11/2018 17:14,5463035.296,No,17,Yes,5463035.296035325,False
51.36.76.219 HTTP/1.1,SA,0.809,8.015,1602,Zain Sa,1.54E+12,0,0,fixed,00ae1ac2-b6d5-4457-8229-a9f8da12da84,RUH,com.myyearbook.m,mopub,21/11/2018 17:14,5463035.296,No,17,Yes,5463035.296035325,False
87.109.228.235 HTTP/1.1,SA,7.763,3.073,131,Saudi Telecom Company Jsc,1.54E+12,0,0,fixed,00ae6c7e-a74a-4dae-b54f-643bfbcf08b4,LHR|AMS|FRA,com.skout.android,mopub,13/11/2018 17:10,5463035.296,No,17,Yes,5463035.296035325,False
37.42.160.221 HTTP/1.1,SA,5.751,0,117,Mobily,1.54E+12,0,0,cellular,00b18bca-70c6-4d7d-baf2-e0e7ca6dd1e4,DXB,com.jiubang.alock,mopub,21/11/2018 17:30,5463035.296,No,17,Yes,5463035.296035325,False
31.215.215.134 HTTP/1.1,AE,29.47,12.287,102,Emirates Telecommunications Corporation,1.54E+12,24.348537,54.518467,fixed,00b47cdf-3e77-418e-b292-021b833f6f3b,SIN|LHR,com.steam.photoeditor,mopub,23/11/2018 09:21,8910.666794,Yes,9,No,8910.666793867678,True
5.45.134.23 HTTP/1.1,JO,2.963,1.312,895,Umniah Lil-Hawatef Al-Mutanaqelah Co.,1.54E+12,31.956081,35.911674,none,00b4d81b-91ad-4b2b-836a-85ceb52a3312,FRA,com.skout.android,mopub,26/11/2018 18:10,3034.506243,Yes,18,Yes,3034.506242675777,True
78.95.231.139 HTTP/1.1,SA,2.433,2.821,185,Saudi Telecom Company Jsc,1.54E+12,0,0,fixed,00bfbfe6-1548-4131-b641-429e25a5156b,AMS|LHR,com.jb.emoji.gokeyboard,mopub,21/11/2018 09:12,5463035.296,No,9,No,5463035.296035325,False
176.18.105.220 HTTP/1.1,SA,0.436,2.752,505,Mobily,1.54E+12,24.21122,47.963232,fixed,00d0021d-439b-43c2-8143-f971dcda3d43,DXB,com.utorrent.client,mopub,13/11/2018 17:11,136651.2674,No,17,Yes,136651.2674258513,False
5.31.159.110 HTTP/1.1,AE,0.102,0.677,323,Emirates Integrated Telecommunications Company Pjsc Eitc-Du,1.54E+12,24.292868,54.629182,cellular,00d1570e-a170-4d1f-9a6c-d45bf6de070d,LHR,com.jb.security,mopub,23/11/2018 09:30,12260.50021,Yes,9,No,12260.500205210961,True
51.36.13.24 HTTP/1.1,SA,0.59,12.365,180,Zain Sa,1.54E+12,24.729433,46.666157,cellular,00dacc8b-8aa2-4830-b2f0-a3b26626d710,RUH,com.skout.android,mopub,21/11/2018 10:39,6601.980973,Yes,10,No,6601.980972921058,True
188.55.249.167 HTTP/1.1,SA,7.641,4.353,152,Saudi Telecom Company Jsc,1.54E+12,0,0,fixed,00dd764d-cba3-48fc-8ab0-417aed7c8a0d,LHR|FRA,com.jiubang.alock,mopub,21/11/2018 17:30,5463035.296,No,17,Yes,5463035.296035325,False
92.96.136.61 HTTP/1.1,AE,17.775,11.651,100,Emirates Telecommunications Corporation,1.54E+12,24.456065,54.671568,fixed,00dec528-72d5-493b-9932-62f5da4af625,SIN|LHR,com.gau.go.launcherex,mopub,22/11/2018 17:15,10661.00275,Yes,17,Yes,10661.002747916074,True
94.207.142.121 HTTP/1.1,AE,6.068,3.053,165,Emirates Integrated Telecommunications Company Pjsc Eitc-Du,1.54E+12,25.270559,56.359446,fixed,00def0a6-c97f-49e8-8b4d-4014d78f69a9,LHR,com.skout.android,mopub,22/11/2018 12:43,204035.5816,No,12,No,204035.5816026624,False
94.207.142.121 HTTP/1.1,AE,0.497,4.1,1535,Emirates Integrated Telecommunications Company Pjsc Eitc-Du,1.54E+12,25.270559,56.359446,fixed,00def0a6-c97f-49e8-8b4d-4014d78f69a9,LHR,com.skout.android,mopub,22/11/2018 12:43,204035.5816,No,12,No,204035.5816026624,False
176.224.52.136 HTTP/1.1,SA,19.665,7.328,105,Mobily,1.54E+12,24.713382,46.69452,cellular,00e253c3-b70e-4a5b-b0ee-10b295d7e032,DXB,com.qihoo.security,mopub,21/11/2018 17:49,3301.271962,Yes,17,Yes,3301.2719624333986,True
176.224.52.136 HTTP/1.1,SA,14.662,7.717,460,Mobily,1.54E+12,24.713382,46.69452,cellular,00e253c3-b70e-4a5b-b0ee-10b295d7e032,DXB,com.qihoo.security,mopub,21/11/2018 17:50,3301.271962,Yes,17,Yes,3301.2719624333986,True
5.111.74.146 HTTP/1.1,SA,4.648,2.769,137,Mobily,1.54E+12,0,0,fixed,00e27447-f9fe-41cd-87ac-7bd2e0b246c4,DXB,com.h8games.helixjump,mopub,14/11/2018 14:00,5463035.296,No,14,No,5463035.296035325,False
51.36.7.121 HTTP/1.1,SA,1.824,0.393,1385,Zain Sa,1.54E+12,24.650406,46.693726,cellular,00eeafe8-cca2-41d0-bbd2-4470e2ee1e02,RUH,com.callapp.contacts,mopub,21/11/2018 10:34,6965.410157,Yes,10,No,6965.410157416138,True
51.36.7.121 HTTP/1.1,SA,0.65,0,6786,Zain Sa,1.54E+12,24.650406,46.693726,cellular,00eeafe8-cca2-41d0-bbd2-4470e2ee1e02,RUH,com.callapp.contacts,mopub,21/11/2018 10:35,6965.410157,Yes,10,No,6965.410157416138,True
212.34.11.182 HTTP/1.1,JO,3.936,0.31,170,Jordan Telecommunications Company,1.54E+12,0,0,cellular,00f09999-d2af-4982-922d-ef1958b29fe7,MRS,com.jb.emoji.gokeyboard,mopub,26/11/2018 19:44,4906135.766,No,19,No,4906135.7662387,False
37.123.91.236 HTTP/1.1,JO,13.636,2.636,68,Al Mouakhah Lil Khadamat Al Logesteih Wa Al Itisalat,1.54E+12,32.022264,35.842355,fixed,00f28c06-ba2b-4dd3-949f-9f9288f8e112,RUH,com.jb.zcamera,mopub,26/11/2018 18:26,12445.61365,Yes,18,Yes,12445.613646686883,True
51.36.36.91 HTTP/1.1,SA,18.299,4.824,69,Zain Sa,1.54E+12,24.590178,46.544115,cellular,00f355c5-85f7-4b9b-94ff-ad75a8ec8f3f,RUH,com.qihoo.security,mopub,21/11/2018 09:12,22436.98289,No,9,No,22436.98288507541,False
51.36.36.91 HTTP/1.1,SA,13.473,5.573,386,Zain Sa,1.54E+12,24.590178,46.544115,cellular,00f355c5-85f7-4b9b-94ff-ad75a8ec8f3f,RUH,com.qihoo.security,mopub,21/11/2018 09:12,22436.98289,No,9,No,22436.98288507541,False
87.201.162.216 HTTP/1.1,AE,11.559,5.173,153,Emirates Integrated Telecommunications Company Pjsc Eitc-Du,1.54E+12,25.174243,55.402204,fixed,00f44102-0aa2-4199-8046-907199be1cd5,LHR,com.hornet.android,mopub,23/11/2018 09:34,119258.0547,No,9,No,119258.05471764642,False
78.95.120.113 HTTP/1.1,SA,0.63,4.291,132,Saudi Telecom Company Jsc,1.54E+12,24.776045,46.718087,cellular,00fff323-ec78-422d-9b40-2df2a64e4898,FRA|LHR,com.steam.photoeditor,mopub,21/11/2018 17:42,7812.049953,Yes,17,Yes,7812.049953498019,True
79.173.213.227 HTTP/1.1,JO,12.414,4.33,122,Jordan Data Communications Company Llc,1.54E+12,32.286761,35.888625,fixed,0103ca42-213c-419e-9e3d-1cad5e221d6a,MRS,com.pixel.art.coloring.color.number,mopub,26/11/2018 17:12,39762.31151,No,17,Yes,39762.31150815836,False
37.42.103.154 HTTP/1.1,SA,21.79,2.484,92,Mobily,1.54E+12,24.686871,46.681303,cellular,01064130-723b-4868-bc06-af8bc3f027b1,DXB,com.callapp.contacts,mopub,21/11/2018 18:27,4999.065019,Yes,18,Yes,4999.065018694346,True
46.185.253.61 HTTP/1.1,JO,24.427,34.246,81,Jordan Data Communications Company Llc,1.54E+12,0,0,fixed,010d6a76-4685-4865-a09c-d495f8517962,MRS,thinkcube.project307,mopub,26/11/2018 18:02,4906135.766,No,18,Yes,4906135.7662387,False
78.95.79.187 HTTP/1.1,SA,5.873,7.872,441,Saudi Telecom Company Jsc,1.54E+12,26.956425,49.66231,cellular,0115dad1-c5a8-441a-93e6-ac9806fd8422,LHR,com.myyearbook.m,mopub,21/11/2018 17:30,387839.9722,No,17,Yes,387839.97219743725,False
2.50.134.115 HTTP/1.1,AE,9.06,6.872,135,Emirates Telecommunications Corporation,1.54E+12,25.150857,52.873224,fixed,0119b926-b0bb-4b45-bc5b-f5c529216813,SIN,com.jiubang.alock,mopub,23/11/2018 09:18,192986.6705,No,9,No,192986.67054491778,False
5.45.138.160 HTTP/1.1,JO,4.056,12.063,156,Umniah Lil-Hawatef Al-Mutanaqelah Co.,1.54E+12,0,0,fixed,011b4c33-0fca-4b1c-b096-a6e466570592,FRA,com.askfm,mopub,26/11/2018 17:08,4906135.766,No,17,Yes,4906135.7662387,False
94.98.232.61 HTTP/1.1,SA,3.458,2.979,225,Saudi Telecom Company Jsc,1.54E+12,24.056172,47.547611,fixed,011d1d79-a402-4afa-8583-842bac4c2d49,FRA|AMS,com.qihoo.security,mopub,14/11/2018 13:56,109953.822,No,13,No,109953.82202747415,False
31.215.2.140 HTTP/1.1,AE,37.165,15.359,140,Emirates Telecommunications Corporation,1.54E+12,0,0,fixed,011fba48-e5c6-467e-9fd1-ffe18d0c99af,AMS,com.bittorrent.client,mopub,23/11/2018 09:18,6161509.752,No,9,No,6161509.752007091,False
212.34.19.170 HTTP/1.1,JO,1.243,3.401,329,Jordan Telecommunications Company,1.54E+12,0,0,cellular,01207ff8-2f3c-4529-8770-83f358b3449a,MRS,com.waplogmatch.social,mopub,26/11/2018 19:44,4906135.766,No,19,No,4906135.7662387,False
176.18.191.11 HTTP/1.1,SA,56.891,30.254,135,Mobily,1.54E+12,24.772495,46.722316,cellular,01238b96-1859-491c-9ccb-09b65e373899,DXB,com.skout.android,mopub,21/11/2018 09:48,7386.560017,Yes,9,No,7386.560017239195,True
176.18.191.11 HTTP/1.1,SA,57.617,12.136,296,Mobily,1.54E+12,24.772495,46.722316,cellular,01238b96-1859-491c-9ccb-09b65e373899,DXB,com.skout.android,mopub,21/11/2018 09:48,7386.560017,Yes,9,No,7386.560017239195,True
93.169.74.226 HTTP/1.1,SA,4.315,3.985,219,Saudi Telecom Company Jsc,1.54E+12,0,0,fixed,01242b8d-92ff-4cf1-aa87-352336e63949,LHR|FRA,com.utorrent.client,mopub,13/11/2018 17:10,5463035.296,No,17,Yes,5463035.296035325,False
188.247.72.73 HTTP/1.1,JO,0.619,7.061,94,Zain Jo,1.54E+12,31.955606,35.834865,cellular,012a9ea7-9634-4773-8427-c3ec5a38396d,RUH,com.whoshere.whoshere,mopub,26/11/2018 17:08,8171.341178,Yes,17,Yes,8171.341178287537,True
188.247.72.73 HTTP/1.1,JO,0.49,0,66,Zain Jo,1.54E+12,31.955848,35.83501,cellular,012a9ea7-9634-4773-8427-c3ec5a38396d,RUH,com.whoshere.whoshere,mopub,26/11/2018 17:08,8168.341051,Yes,17,Yes,8168.341051463845,True
5.156.197.227 HTTP/1.1,SA,3.956,4.001,274,Saudi Telecom Company Jsc,1.54E+12,24.667102,46.7405,fixed,0133ace9-4324-470b-ad39-b1abc67f8eec,AMS|LHR,com.skout.android,mopub,21/11/2018 09:46,4537.900669,Yes,9,No,4537.900669078297,True
5.156.197.227 HTTP/1.1,SA,3.232,2.738,692,Saudi Telecom Company Jsc,1.54E+12,24.667102,46.7405,fixed,0133ace9-4324-470b-ad39-b1abc67f8eec,LHR|AMS|FRA,com.skout.android,mopub,21/11/2018 09:46,4537.900669,Yes,9,No,4537.900669078297,True
5.156.197.227 HTTP/1.1,SA,1.991,0.916,3299,Saudi Telecom Company Jsc,1.54E+12,24.667102,46.7405,fixed,0133ace9-4324-470b-ad39-b1abc67f8eec,AMS|LHR,com.skout.android,mopub,21/11/2018 09:46,4537.900669,Yes,9,No,4537.900669078297,True
86.108.6.113 HTTP/1.1,JO,13.099,4.36,127,Jordan Data Communications Company Llc,1.54E+12,32.436064,35.704143,fixed,013c5f34-de6c-444c-8e08-ba76186c4c5f,MRS,com.askfm,mopub,26/11/2018 18:02,59680.2074,No,18,Yes,59680.20739766877,False
5.38.42.64 HTTP/1.1,AE,0.119,1.616,195,Etisalat,1.54E+12,25.212415,55.497884,cellular,0144f525-ce81-4b0c-b018-0009be820895,AMS|LHR,com.skout.android,mopub,23/11/2018 09:19,129091.5888,No,9,No,129091.58881630999,False
92.98.149.80 HTTP/1.1,AE,9.434,5.575,397,Emirates Telecommunications Corporation,1.54E+12,0,0,none,014604f3-7c45-4c55-af03-c43ac8623911,LHR,com.qihoo.security,mopub,22/11/2018 16:06,6161509.752,No,16,No,6161509.752007091,False
51.39.198.219 HTTP/1.1,SA,8.524,25.188,133,Zain Sa,1.54E+12,24.710777,46.7011,fixed,0149bf4b-798a-456c-8c23-d1b69085f461,RUH,com.jb.zcamera,mopub,13/11/2018 17:11,2586.763957,Yes,17,Yes,2586.763957370191,True
5.31.249.113 HTTP/1.1,AE,10.191,7.051,260,Emirates Integrated Telecommunications Company Pjsc Eitc-Du,1.54E+12,24.429066,54.543956,cellular,014bb3bc-4f03-42e0-bf71-cc53d25491d5,LHR,com.callapp.contacts,mopub,23/11/2018 10:44,5740.425362,Yes,10,No,5740.425362358291,True
51.36.134.7 HTTP/1.1,SA,7.34,0.436,104,Zain Sa,1.54E+12,26.652885,49.953204,cellular,0150e018-6d88-4afb-bc7d-bfd762689a16,RUH,com.skout.android,mopub,21/11/2018 17:14,391336.833,No,17,Yes,391336.83299361664,False
176.224.214.168 HTTP/1.1,SA,0.249,11.532,71,Mobily,1.54E+12,24.619464,46.722001,cellular,015159be-5d3b-455a-9dda-7ffc154b4173,DXB,com.myyearbook.m,mopub,21/11/2018 17:55,9583.367209,Yes,17,Yes,9583.36720868997,True
176.224.214.168 HTTP/1.1,SA,0.589,12.642,75,Mobily,1.54E+12,24.619464,46.722001,cellular,015159be-5d3b-455a-9dda-7ffc154b4173,DXB,com.myyearbook.m,mopub,21/11/2018 17:55,9583.367209,Yes,17,Yes,9583.36720868997,True
176.224.214.168 HTTP/1.1,SA,4.031,8.473,77,Mobily,1.54E+12,24.619464,46.722001,cellular,015159be-5d3b-455a-9dda-7ffc154b4173,DXB,com.myyearbook.m,mopub,21/11/2018 17:55,9583.367209,Yes,17,Yes,9583.36720868997,True
188.247.79.2 HTTP/1.1,JO,5.2,2.495,69,Zain Jo,1.54E+12,32.570982,35.73236,fixed,015562e3-2f2b-4850-a272-f6a30b683948,RUH,com.askfm,mopub,26/11/2018 17:25,73271.50772,No,17,Yes,73271.5077169594,False
2001:8f8:1621:7edf:206d:6752:41d:f58b HTTP/1.1,AE,15.771,16.537,125,Emirates Telecommunications Corporation,1.54E+12,0,0,fixed,0165f143-47bf-49e5-aaf1-d8187f7e2c31,DXB,com.skout.android,mopub,22/11/2018 16:15,6161509.752,No,16,No,6161509.752007091,False
46.152.45.35 HTTP/1.1,SA,30.095,25.743,48,Mobily,1.54E+12,24.659906,46.721841,fixed,016eaf79-7487-4510-9f59-4b475f9cdbf6,DXB,com.myyearbook.m,mopub,13/11/2018 17:15,5112.882302,Yes,17,Yes,5112.882302038864,True
46.152.45.35 HTTP/1.1,SA,12.936,11.454,41,Mobily,1.54E+12,24.659864,46.721803,fixed,016eaf79-7487-4510-9f59-4b475f9cdbf6,DXB,com.myyearbook.m,mopub,21/11/2018 10:47,5117.843289,Yes,10,No,5117.843288998873,True
51.36.64.244 HTTP/1.1,SA,40.057,20.445,80,Zain Sa,1.54E+12,24.49188,39.558901,fixed,01705c5c-d886-4df2-8926-542b21f09d31,RUH,com.zeroteam.zerolauncher,mopub,14/11/2018 13:56,725629.2654,No,13,No,725629.2654485896,False
31.215.92.96 HTTP/1.1,AE,16.041,11.651,145,Emirates Telecommunications Corporation,1.54E+12,24.503451,54.375289,fixed,01726b78-2bc2-43b5-acbb-b22b6582d05e,AMS,com.skout.android,mopub,22/11/2018 16:22,24627.50319,No,16,No,24627.503190741336,False
31.215.92.96 HTTP/1.1,AE,7.608,11.308,114,Emirates Telecommunications Corporation,1.54E+12,24.503451,54.375289,fixed,01726b78-2bc2-43b5-acbb-b22b6582d05e,SIN|LHR|AMS,com.skout.android,mopub,22/11/2018 16:22,24627.50319,No,16,No,24627.503190741336,False
46.32.127.23 HTTP/1.1,JO,17.116,37.233,62,Zain Jo,1.54E+12,31.915839,35.912488,fixed,017d63f2-102a-4c69-b749-1126c6dd1c8e,RUH,com.jb.zcamera,mopub,26/11/2018 17:14,1474.223763,Yes,17,Yes,1474.2237627549755,True
188.247.74.208 HTTP/1.1,JO,8.749,12.177,66,Zain Jo,1.54E+12,32.032377,35.86903,fixed,017d827e-43f6-426c-b34d-c49c5065f96b,RUH,com.hornet.android,mopub,26/11/2018 18:19,12283.46389,Yes,18,Yes,12283.463891618836,True
188.247.74.208 HTTP/1.1,JO,5.909,13.261,71,Zain Jo,1.54E+12,32.032377,35.86903,fixed,017d827e-43f6-426c-b34d-c49c5065f96b,RUH,com.hornet.android,mopub,26/11/2018 18:20,12283.46389,Yes,18,Yes,12283.463891618836,True
2001:16a2:8c51:a700:7881:cbfc:aba8:44bc HTTP/1.1,SA,0.416,2.647,169,Saudi Telecom Company Jsc,1.54E+12,0,0,fixed,01867a7e-a068-45bb-93b0-9ee8dad7fd72,LHR|FRA,com.pixel.art.coloring.color.number,mopub,13/11/2018 17:11,5463035.296,No,17,Yes,5463035.296035325,False
51.36.72.1 HTTP/1.1,SA,0.975,4.832,340,Zain Sa,1.54E+12,0,0,cellular,0188e457-574b-4e86-828a-9c52dd119ee1,RUH,com.skout.android,mopub,13/11/2018 17:11,5463035.296,No,17,Yes,5463035.296035325,False
188.247.78.149 HTTP/1.1,JO,9.035,17.976,257,Zain Jo,1.54E+12,31.859334,35.809201,fixed,01915dfb-7446-4d83-9587-a2ad3f28d5d3,RUH,com.askfm,mopub,26/11/2018 17:09,12663.40105,Yes,17,Yes,12663.401049488839,True
91.73.1.3 HTTP/1.1,AE,0.1,2.329,7449,Emirates Integrated Telecommunications Company Pjsc Eitc-Du,1.54E+12,24.977409,55.780315,cellular,0196ff86-2865-4491-843c-ad6f4a1c00b3,LHR,com.skout.android,mopub,22/11/2018 16:12,136919.6532,No,16,No,136919.6531552209,False
188.247.77.118 HTTP/1.1,JO,19.809,30.551,58,Zain Jo,1.54E+12,0,0,cellular,019f87f0-8cbf-4eaf-8b1d-768aac4dbc29,RUH,com.waplogmatch.social,mopub,26/11/2018 18:00,4906135.766,No,18,Yes,4906135.7662387,False
188.247.77.118 HTTP/1.1,JO,9.754,10.007,67,Zain Jo,1.54E+12,0,0,cellular,019f87f0-8cbf-4eaf-8b1d-768aac4dbc29,RUH,com.waplogmatch.social,mopub,26/11/2018 18:00,4906135.766,No,18,Yes,4906135.7662387,False
51.36.98.216 HTTP/1.1,SA,9.359,1.448,2686,Zain Sa,1.54E+12,21.594347,39.1709,cellular,01a258a1-e2a5-4bcd-9afe-81e4dc5c94ed,RUH,com.jiubang.alock,mopub,13/11/2018 17:11,838604.3984,No,17,Yes,838604.3984370059,False
5.31.155.180 HTTP/1.1,AE,1.929,5.223,199,Emirates Integrated Telecommunications Company Pjsc Eitc-Du,1.54E+12,0,0,cellular,01a70f4d-33af-4db3-8bb5-98e665516c42,LHR,com.nextwave.wcc2,mopub,23/11/2018 09:34,6161509.752,No,9,No,6161509.752007091,False
92.99.94.181 HTTP/1.1,AE,34.943,27.24,152,Emirates Telecommunications Corporation,1.54E+12,24.211859,55.747298,fixed,01a735ed-6947-4ca7-882a-2700049b5854,AMS|LHR,com.pixel.art.coloring.color.number,mopub,22/11/2018 16:06,119322.4064,No,16,No,119322.40644988143,False
5.107.55.174 HTTP/1.1,AE,0.595,2.979,149,Emirates Telecommunications Corporation,1.54E+12,25.297297,55.363239,fixed,01ac2672-09e6-4f18-ad53-46533e1f8e71,LHR|SIN,com.nextwave.wcc2,mopub,23/11/2018 08:30,126956.381,No,8,No,126956.38102959824,False
51.36.224.236 HTTP/1.1,SA,4.725,3.341,74,Zain Sa,1.54E+12,24.760601,46.669183,fixed,01af6c9f-f42e-4bbd-8000-f75086ed47b1,RUH,com.initechapps.growlr,mopub,21/11/2018 18:01,8359.646586,Yes,18,Yes,8359.646586401032,True
37.123.89.109 HTTP/1.1,JO,4.461,3.54,339,Al Mouakhah Lil Khadamat Al Logesteih Wa Al Itisalat,1.54E+12,0,0,fixed,01bbeceb-ef40-4cc2-96f9-30fd3063d03c,RUH,com.picsart.studio,mopub,26/11/2018 18:47,4906135.766,No,18,Yes,4906135.7662387,False
37.123.89.109 HTTP/1.1,JO,2.853,2.739,744,Al Mouakhah Lil Khadamat Al Logesteih Wa Al Itisalat,1.54E+12,0,0,fixed,01bbeceb-ef40-4cc2-96f9-30fd3063d03c,RUH,com.picsart.studio,mopub,26/11/2018 18:47,4906135.766,No,18,Yes,4906135.7662387,False
37.123.89.109 HTTP/1.1,JO,7.393,2.728,740,Al Mouakhah Lil Khadamat Al Logesteih Wa Al Itisalat,1.54E+12,0,0,fixed,01bbeceb-ef40-4cc2-96f9-30fd3063d03c,RUH,com.picsart.studio,mopub,26/11/2018 18:47,4906135.766,No,18,Yes,4906135.7662387,False
37.123.89.109 HTTP/1.1,JO,6.083,3.606,291,Al Mouakhah Lil Khadamat Al Logesteih Wa Al Itisalat,1.54E+12,0,0,fixed,01bbeceb-ef40-4cc2-96f9-30fd3063d03c,RUH,com.picsart.studio,mopub,26/11/2018 18:47,4906135.766,No,18,Yes,4906135.7662387,False
78.95.68.131 HTTP/1.1,SA,1.908,4.94,157,Saudi Telecom Company Jsc,1.54E+12,24.656278,46.734027,fixed,01c6426e-dee6-4a5a-ba76-d670d9bc6f64,AMS|LHR,com.waplog.social,mopub,21/11/2018 17:22,5554.774851,Yes,17,Yes,5554.774850603697,True
51.36.1.213 HTTP/1.1,SA,6.762,12.928,219,Zain Sa,1.54E+12,24.678729,46.734339,none,01c677bf-4f7b-49be-a427-b1369f15535e,RUH,com.followers.unfollowers,mopub,21/11/2018 09:41,3123.025967,Yes,9,No,3123.0259672645684,True
213.139.53.162 HTTP/1.1,JO,5.893,3.223,340,Jordan Telecommunications Company,1.54E+12,32.009511,36.219177,cellular,01c757d8-8fab-4de3-93d0-04289c592411,MRS,com.scores365,mopub,26/11/2018 17:18,30085.49196,No,17,Yes,30085.491955329082,False
86.98.153.110 HTTP/1.1,AE,24.137,28.97,147,Emirates Telecommunications Corporation,1.54E+12,0,0,fixed,01c7ee48-ad76-49e0-9322-ba66c92e8526,LHR|SIN,com.bittorrent.client,mopub,22/11/2018 16:06,6161509.752,No,16,No,6161509.752007091,False
51.36.188.212 HTTP/1.1,SA,5.243,2.698,224,Zain Sa,1.54E+12,0,0,cellular,01cc20b1-cf9d-4f9f-b7f3-a2a4d2588ad4,RUH,com.askfm,mopub,21/11/2018 17:14,5463035.296,No,17,Yes,5463035.296035325,False
176.18.138.135 HTTP/1.1,SA,18.648,7.285,77,Mobily,1.54E+12,24.786119,46.713232,cellular,01d15086-1942-4ea3-bc46-298dbf609bf0,DXB,com.myyearbook.m,mopub,21/11/2018 10:15,8980.636332,Yes,10,No,8980.636332008311,True
176.18.138.135 HTTP/1.1,SA,10.802,4.128,133,Mobily,1.54E+12,24.786119,46.713232,cellular,01d15086-1942-4ea3-bc46-298dbf609bf0,DXB,com.myyearbook.m,mopub,21/11/2018 10:15,8980.636332,Yes,10,No,8980.636332008311,True
176.18.138.135 HTTP/1.1,SA,23.593,6.82,333,Mobily,1.54E+12,24.786119,46.713232,cellular,01d15086-1942-4ea3-bc46-298dbf609bf0,DXB,com.myyearbook.m,mopub,21/11/2018 10:15,8980.636332,Yes,10,No,8980.636332008311,True
176.18.138.135 HTTP/1.1,SA,23.92,7.614,1289,Mobily,1.54E+12,24.786119,46.713232,cellular,01d15086-1942-4ea3-bc46-298dbf609bf0,DXB,com.myyearbook.m,mopub,21/11/2018 10:15,8980.636332,Yes,10,No,8980.636332008311,True
95.184.91.201 HTTP/1.1,SA,7.98,11.673,141,Saudi Telecom Company Jsc,1.54E+12,0,0,fixed,01d3a7cc-128c-4883-b2c6-87ab81e63838,LHR|FRA|AMS,bumperbattle.io.game,mopub,21/11/2018 09:30,5463035.296,No,9,No,5463035.296035325,False
51.36.32.7 HTTP/1.1,SA,14.522,12.943,213,Zain Sa,1.54E+12,24.735928,46.676065,fixed,01d3df50-b47b-43af-8972-da4c6d980e8c,RUH,com.skout.android,mopub,21/11/2018 10:13,6057.82292,Yes,10,No,6057.822919632489,True
51.36.32.7 HTTP/1.1,SA,17.916,22.076,212,Zain Sa,1.54E+12,24.735928,46.676065,fixed,01d3df50-b47b-43af-8972-da4c6d980e8c,RUH,com.skout.android,mopub,21/11/2018 10:13,6057.82292,Yes,10,No,6057.822919632489,True
212.34.20.62 HTTP/1.1,JO,3.955,2.617,112,Jordan Telecommunications Company,1.54E+12,0,0,fixed,01d53e9f-3332-47b1-ad4b-da53fadc10f5,MRS,com.askfm,mopub,26/11/2018 18:23,4906135.766,No,18,Yes,4906135.7662387,False
2.50.238.48 HTTP/1.1,AE,12.431,19.353,138,Emirates Telecommunications Corporation,1.54E+12,0,0,fixed,01dd35d2-ccba-4783-bf78-0d75b61777af,AMS|SIN,com.skout.android,mopub,22/11/2018 12:45,6161509.752,No,12,No,6161509.752007091,False
91.73.23.166 HTTP/1.1,AE,12.651,2.404,233,Emirates Integrated Telecommunications Company Pjsc Eitc-Du,1.54E+12,24.413364,54.601363,cellular,01dec80d-bfd6-47f0-bc6f-4204d9341104,LHR,com.skout.android,mopub,23/11/2018 11:49,2224.351995,Yes,11,No,2224.3519945737276,True
91.73.23.166 HTTP/1.1,AE,4.62,1.754,245,Emirates Integrated Telecommunications Company Pjsc Eitc-Du,1.54E+12,24.413364,54.601363,cellular,01dec80d-bfd6-47f0-bc6f-4204d9341104,LHR,com.skout.android,mopub,23/11/2018 11:49,2224.351995,Yes,11,No,2224.3519945737276,True
5.31.208.38 HTTP/1.1,AE,7.608,4.999,194,Emirates Integrated Telecommunications Company Pjsc Eitc-Du,1.54E+12,25.309264,55.460026,none,01e2731e-fc07-454e-95f1-eb9bbc489ccd,LHR,com.gau.go.launcherex,mopub,22/11/2018 16:30,134251.6569,No,16,No,134251.6569063646,False
5.31.208.38 HTTP/1.1,AE,2.666,4.022,174,Emirates Integrated Telecommunications Company Pjsc Eitc-Du,1.54E+12,25.309264,55.460026,none,01e2731e-fc07-454e-95f1-eb9bbc489ccd,LHR,com.gau.go.launcherex,mopub,22/11/2018 16:30,134251.6569,No,16,No,134251.6569063646,False
5.108.60.185 HTTP/1.1,SA,7.093,2.767,113,Mobily,1.54E+12,0,0,fixed,01e3a52a-54c0-4ea1-b6c5-b834d54893b1,DXB,com.qihoo.security.lite,mopub,21/11/2018 09:30,5463035.296,No,9,No,5463035.296035325,False
51.36.17.38 HTTP/1.1,SA,22.183,38.668,274,Zain Sa,1.54E+12,24.661349,46.799912,fixed,01e7d0c4-58a7-4eab-a1b2-ce7776252ba9,RUH,com.qihoo.security,mopub,21/11/2018 18:00,8951.991803,Yes,18,Yes,8951.991803089177,True
92.241.52.113 HTTP/1.1,JO,3.514,11.507,112,Umniah,1.54E+12,0,0,cellular,01ebbf97-1297-4c7d-8fe1-bf7cb4f29d36,FRA,com.zeroteam.zerolauncher,mopub,26/11/2018 18:19,4906135.766,No,18,Yes,4906135.7662387,False
5.110.160.220 HTTP/1.1,SA,7.639,5.44,128,Mobily,1.54E+12,0,0,fixed,01f3d3f0-1117-4ddf-af7a-2677e28c2860,DXB,com.jb.emoji.gokeyboard,mopub,21/11/2018 17:21,5463035.296,No,17,Yes,5463035.296035325,False
31.215.215.62 HTTP/1.1,AE,32.215,10.8,106,Emirates Telecommunications Corporation,1.54E+12,24.347043,54.697422,fixed,01f92ee5-c7b1-4401-8bd2-6020a312af34,SIN|LHR,com.bittorrent.client,mopub,23/11/2018 09:21,12361.87873,Yes,9,No,12361.878731391425,True
2001:16a2:4d21:3300:1cbe:60b8:6f2b:2b88 HTTP/1.1,SA,2.747,5.16,646,Saudi Telecom Company Jsc,1.54E+12,0,0,fixed,01fb0d76-ba8b-4dc8-a38b-ed0f486ee662,AMS|LHR,com.link.messages.sms,mopub,21/11/2018 17:21,5463035.296,No,17,Yes,5463035.296035325,False
2001:8f8:1621:6c58:fdab:8c87:be19:54a8 HTTP/1.1,AE,11.491,8.277,212,Emirates Telecommunications Corporation,1.54E+12,24.470879,54.345767,fixed,01fcd438-fe50-4036-ac2f-bb8b2de96a8a,DXB,com.skout.android,mopub,23/11/2018 08:28,25942.85295,No,8,No,25942.85295079917,False
2001:8f8:1621:6c58:fdab:8c87:be19:54a8 HTTP/1.1,AE,4.201,10.038,68,Emirates Telecommunications Corporation,1.54E+12,24.470879,54.345767,fixed,01fcd438-fe50-4036-ac2f-bb8b2de96a8a,DXB,com.skout.android,mopub,23/11/2018 08:28,25942.85295,No,8,No,25942.85295079917,False
5.30.245.163 HTTP/1.1,AE,8.189,4.746,187,Emirates Integrated Telecommunications Company Pjsc Eitc-Du,1.54E+12,24.343994,54.532095,fixed,020405c6-29b4-4b9e-8887-6502a2e1fdd2,LHR,com.hornet.android,mopub,23/11/2018 11:48,8205.905436,Yes,11,No,8205.905435840688,True
2.89.210.165 HTTP/1.1,SA,6.417,2.677,153,Saudi Telecom Company Jsc,1.54E+12,24.619943,46.734754,fixed,0211303f-9a52-42f7-97e3-9b829ba35db0,AMS|FRA|LHR,com.apalon.weatherlive.free,mopub,21/11/2018 17:40,9561.513463,Yes,17,Yes,9561.513462544153,True
91.73.90.97 HTTP/1.1,AE,3.037,5.187,188,Emirates Integrated Telecommunications Company Pjsc Eitc-Du,1.54E+12,25.38137,55.458757,cellular,0212484a-c5aa-454e-b711-e30c39c64870,LHR,com.hornet.android,mopub,23/11/2018 08:43,140279.8388,No,8,No,140279.83876584205,False
212.34.20.71 HTTP/1.1,JO,10.455,13.554,129,Jordan Telecommunications Company,1.54E+12,0,0,cellular,02198c89-e4f3-4858-ba8e-23e96efcb1b4,MRS,com.cleanmaster.mguard,mopub,26/11/2018 19:48,4906135.766,No,19,No,4906135.7662387,False
5.31.140.99 HTTP/1.1,AE,70.922,13.851,233,Emirates Integrated Telecommunications Company Pjsc Eitc-Du,1.54E+12,25.216107,55.256595,cellular,021a6392-1a00-4d05-b7f8-075eb9cc651f,LHR,com.xe.currency,mopub,23/11/2018 09:38,113235.1461,No,9,No,113235.14614694685,False
37.127.33.124 HTTP/1.1,SA,45.41,8.021,59,Mobily,1.54E+12,26.428441,50.120392,cellular,02249bdc-b165-4c44-87b0-05a83249ceb9,DXB,com.skout.android,mopub,21/11/2018 09:15,392904.8028,No,9,No,392904.80275394546,False
92.253.29.210 HTTP/1.1,JO,50.512,29.828,72,Jordan Data Communications Company Llc,1.54E+12,0,0,fixed,022648f1-0809-48bc-98e7-b5407a5b44af,MRS,com.h8games.helixjump,mopub,26/11/2018 17:25,4906135.766,No,17,Yes,4906135.7662387,False
37.105.197.81 HTTP/1.1,SA,4.9,16.672,105,Saudi Telecom Company Jsc,1.54E+12,24.6919,46.737601,fixed,022aa41f-21be-487a-b9e6-50ae8dc0cd26,LHR,com.powerful.cleaner,mopub,21/11/2018 09:49,1938.872439,Yes,9,No,1938.8724390568239,True
213.139.52.222 HTTP/1.1,JO,1.282,0,206,Orange,1.54E+12,0,0,fixed,022d9c0a-d6a4-4705-a3f5-7b9e00dca125,MRS,com.askfm,mopub,26/11/2018 18:27,4906135.766,No,18,Yes,4906135.7662387,False
31.215.116.195 HTTP/1.1,AE,22.148,3.923,153,Emirates Telecommunications Corporation,1.54E+12,24.339208,54.464342,fixed,023d4483-544e-4a42-ada2-6ad0b9fe46ff,LHR|SIN,com.utorrent.client,mopub,23/11/2018 09:21,14132.68247,Yes,9,No,14132.682474318432,True
176.19.194.57 HTTP/1.1,SA,20.445,5.091,80,Mobily,1.54E+12,24.756447,46.770851,fixed,02447d0d-d1fd-4bd2-8d74-12038bf11799,DXB,com.callapp.contacts,mopub,21/11/2018 09:52,7201.012009,Yes,9,No,7201.012008985901,True
79.134.145.26 HTTP/1.1,JO,30.548,26.665,157,Jordan Tv Cable Internet Services Co,1.54E+12,0,0,fixed,024c622f-5afb-4ee2-b719-235ffa7cf246,FRA,com.askfm,mopub,26/11/2018 18:28,4906135.766,No,18,Yes,4906135.7662387,False
51.39.215.173 HTTP/1.1,SA,1.376,6.338,117,Zain Sa,1.54E+12,0,0,fixed,024f818a-0f90-4464-844e-f58d8804f8de,RUH,com.qihoo.security.lite,mopub,21/11/2018 17:13,5463035.296,No,17,Yes,5463035.296035325,False
94.249.121.16 HTTP/1.1,JO,4.318,5.67,129,Jordan Data Communications Company Llc,1.54E+12,31.726259,35.792635,fixed,025374ce-6593-4d46-8fec-a59d27c14682,MRS,com.pixel.art.coloring.color.number,mopub,26/11/2018 17:25,25291.83538,No,17,Yes,25291.835384194415,False
46.32.122.113 HTTP/1.1,JO,1.912,2.758,300,Zain Jo,1.54E+12,31.905254,35.940605,fixed,02538e05-88f0-43df-98b5-f55de45c063e,RUH,com.initechapps.growlr,mopub,26/11/2018 17:24,3543.461677,Yes,17,Yes,3543.4616765511464,True
51.36.40.119 HTTP/1.1,SA,8.083,17.939,161,Zain Sa,1.54E+12,0,0,fixed,0263c3df-9fa5-4aa2-87a7-a695f8e3c64c,RUH,com.skout.android,mopub,21/11/2018 09:12,5463035.296,No,9,No,5463035.296035325,False
92.241.56.70 HTTP/1.1,JO,1.807,10.487,102,Umniah,1.54E+12,32.04004,35.727208,fixed,0263d6ba-a14c-4a9d-aa6d-dcce281dddd8,FRA,com.jb.zcamera,mopub,26/11/2018 18:12,21647.03079,No,18,Yes,21647.030791723326,False
51.36.250.63 HTTP/1.1,SA,3.067,4.695,241,Zain Sa,1.54E+12,24.57034,46.69683,fixed,0265627d-4dc8-49ff-b982-cc4cc88bbe36,RUH,com.qihoo.security.lite,mopub,21/11/2018 17:13,15305.09435,No,17,Yes,15305.094352656093,False
51.39.244.69 HTTP/1.1,SA,1.758,2.709,268,Zain Sa,1.54E+12,26.306306,50.208744,cellular,026586a8-f668-4302-a89d-ad8c7fdc5621,RUH,com.nextwave.wcc2,mopub,21/11/2018 17:14,394481.7134,No,17,Yes,394481.71342023805,False
46.32.126.175 HTTP/1.1,JO,16.751,11.992,66,Zain Jo,1.54E+12,31.951002,35.901819,cellular,02695ae1-57ff-430c-a8c2-8ba25ee2174e,RUH,com.guardian.security.pri,mopub,26/11/2018 18:20,2766.913483,Yes,18,Yes,2766.9134833462545,True
128.234.32.132 HTTP/1.1,SA,2.542,5.461,172,Saudi Telecom Company Jsc,1.54E+12,0,0,fixed,026fc14a-b4a6-481c-a149-0cf080d1db7e,LHR|FRA|AMS,com.h8games.helixjump,mopub,21/11/2018 17:17,5463035.296,No,17,Yes,5463035.296035325,False
109.107.235.100 HTTP/1.1,JO,10.573,8.466,115,Umniah,1.54E+12,31.954883,35.930453,fixed,02767eaa-8cab-4f67-b5ed-9cd6e73bf266,FRA,com.askfm,mopub,26/11/2018 17:21,3213.614605,Yes,17,Yes,3213.614605352733,True
109.107.235.100 HTTP/1.1,JO,4.701,8.831,100,Umniah,1.54E+12,31.954883,35.930453,fixed,02767eaa-8cab-4f67-b5ed-9cd6e73bf266,FRA,com.askfm,mopub,26/11/2018 17:22,3213.614605,Yes,17,Yes,3213.614605352733,True
37.107.72.194 HTTP/1.1,SA,4.172,4.112,579,Saudi Telecom Company Jsc,1.54E+12,24.684,46.79651,fixed,0282490e-f9fd-417c-82de-9ab2b692cdbe,FRA,com.jb.zcamera,mopub,21/11/2018 09:39,7526.372412,Yes,9,No,7526.372412042476,True
37.107.72.194 HTTP/1.1,SA,3.582,2.8,442,Saudi Telecom Company Jsc,1.54E+12,24.684,46.79651,fixed,0282490e-f9fd-417c-82de-9ab2b692cdbe,AMS,com.jb.zcamera,mopub,21/11/2018 09:48,7526.372412,Yes,9,No,7526.372412042476,True
37.107.72.194 HTTP/1.1,SA,5.306,3.508,226,Saudi Telecom Company Jsc,1.54E+12,24.68375,46.796618,fixed,0282490e-f9fd-417c-82de-9ab2b692cdbe,AMS|FRA,com.jb.zcamera,mopub,21/11/2018 10:49,7545.677211,Yes,10,No,7545.677210761506,True
37.107.72.194 HTTP/1.1,SA,4.796,2.812,262,Saudi Telecom Company Jsc,1.54E+12,24.68375,46.796618,fixed,0282490e-f9fd-417c-82de-9ab2b692cdbe,FRA,com.jb.zcamera,mopub,21/11/2018 10:56,7545.677211,Yes,10,No,7545.677210761506,True
37.107.72.194 HTTP/1.1,SA,5.784,2.703,207,Saudi Telecom Company Jsc,1.54E+12,24.68375,46.796618,fixed,0282490e-f9fd-417c-82de-9ab2b692cdbe,AMS|FRA,com.jb.zcamera,mopub,21/11/2018 11:02,7545.677211,Yes,11,No,7545.677210761506,True
37.107.72.194 HTTP/1.1,SA,2.121,2.698,486,Saudi Telecom Company Jsc,1.54E+12,24.68375,46.796618,fixed,0282490e-f9fd-417c-82de-9ab2b692cdbe,FRA|LHR|AMS,com.jb.zcamera,mopub,21/11/2018 11:05,7545.677211,Yes,11,No,7545.677210761506,True
188.247.76.27 HTTP/1.1,JO,12.624,24.697,64,Zain Jo,1.54E+12,31.960971,35.860623,none,02936f6e-6a6d-4a8c-83e3-a33e1f665f9f,RUH,messenger.sms,mopub,26/11/2018 18:13,6283.266616,Yes,18,Yes,6283.26661638806,True
31.218.142.30 HTTP/1.1,AE,122.601,28.652,293,Etisalat,1.54E+12,25.354987,55.39294,cellular,029f5b41-3027-40e6-bae7-3879a174ffe8,SIN,com.hundred.qibla,mopub,23/11/2018 09:02,133849.3369,No,9,No,133849.33686922997,False
2.49.95.157 HTTP/1.1,AE,15.513,10.563,129,Emirates Telecommunications Corporation,1.54E+12,24.949656,55.083179,fixed,02a489ea-b9df-4b3d-a76b-6ef3f4e443e0,SIN,com.skout.android,mopub,22/11/2018 16:06,79143.89073,No,16,No,79143.89072936162,False
2.49.95.157 HTTP/1.1,AE,9.677,7.515,249,Emirates Telecommunications Corporation,1.54E+12,24.949656,55.083179,fixed,02a489ea-b9df-4b3d-a76b-6ef3f4e443e0,SIN|LHR,com.skout.android,mopub,22/11/2018 16:06,79143.89073,No,16,No,79143.89072936162,False
94.59.52.148 HTTP/1.1,AE,16.099,10.741,156,Emirates Telecommunications Corporation,1.54E+12,24.306793,54.578844,fixed,02a642fc-e142-4cfc-902b-798397a0fb75,LHR|AMS,com.skout.android,mopub,22/11/2018 16:18,10050.60379,Yes,16,No,10050.60379157558,True
188.248.47.150 HTTP/1.1,SA,1.162,0,159,Etihad Atheeb Telecom Company,1.54E+12,25.36811,49.724381,fixed,02a6b374-0606-4e27-9fa9-76d55336a987,LHR,com.pixel.art.coloring.color.number,mopub,21/11/2018 17:13,312134.4544,No,17,Yes,312134.45441496506,False
92.96.124.49 HTTP/1.1,AE,21.424,14.576,123,Emirates Telecommunications Corporation,1.54E+12,0,0,fixed,02a6ed1b-7f00-46c7-a910-576bfe89ef9d,SIN|LHR,com.apalon.optimizer,mopub,22/11/2018 16:22,6161509.752,No,16,No,6161509.752007091,False
46.152.60.132 HTTP/1.1,SA,28.206,13.676,39,Mobily,1.54E+12,24.771453,46.676749,fixed,02af51b2-ac88-422b-b5e6-5a3467004d90,DXB,com.woow.talk,mopub,21/11/2018 18:17,8812.660362,Yes,18,Yes,8812.660361852555,True
2001:16a2:f2a:3700:f00e:a8ab:731e:a822 HTTP/1.1,SA,23.691,7.854,112,Saudi Telecom Company Jsc,1.54E+12,24.673157,46.663742,fixed,02b0ac7b-86ff-4bf7-aba2-d7cf90eaf571,AMS,com.myyearbook.m,mopub,21/11/2018 10:10,7278.033229,Yes,10,No,7278.03322884299,True
2001:16a2:f2a:3700:f00e:a8ab:731e:a822 HTTP/1.1,SA,0.46,7.959,1131,Saudi Telecom Company Jsc,1.54E+12,24.673157,46.663742,fixed,02b0ac7b-86ff-4bf7-aba2-d7cf90eaf571,LHR,com.myyearbook.m,mopub,21/11/2018 10:11,7278.033229,Yes,10,No,7278.03322884299,True
212.34.20.18 HTTP/1.1,JO,9.411,10.369,110,Jordan Telecommunications Company,1.54E+12,0,0,cellular,02b45f46-1e2b-481f-a556-9c1049a2f8fb,MRS,com.askfm,mopub,26/11/2018 19:43,4906135.766,No,19,No,4906135.7662387,False
2.50.215.92 HTTP/1.1,AE,14.64,12.52,181,Emirates Telecommunications Corporation,1.54E+12,24.344844,54.534646,fixed,02c10d20-2f11-4faf-aeab-1a0428059198,AMS|LHR,com.skout.android,mopub,23/11/2018 09:29,7958.894486,Yes,9,No,7958.89448629611,True
2.50.215.92 HTTP/1.1,AE,7.615,6.848,142,Emirates Telecommunications Corporation,1.54E+12,24.344844,54.534646,fixed,02c10d20-2f11-4faf-aeab-1a0428059198,SIN|LHR,com.skout.android,mopub,23/11/2018 09:29,7958.894486,Yes,9,No,7958.89448629611,True
2.50.215.92 HTTP/1.1,AE,13.037,6.389,161,Emirates Telecommunications Corporation,1.54E+12,24.344844,54.534646,fixed,02c10d20-2f11-4faf-aeab-1a0428059198,LHR,com.skout.android,mopub,23/11/2018 09:31,7958.894486,Yes,9,No,7958.89448629611,True
5.45.135.145 HTTP/1.1,JO,5.668,14.187,110,Umniah Lil-Hawatef Al-Mutanaqelah Co.,1.54E+12,0,0,cellular,02c53c90-05a4-41c6-9ffc-6af68f25dcf8,FRA,com.askfm,mopub,26/11/2018 18:53,4906135.766,No,18,Yes,4906135.7662387,False
94.59.178.104 HTTP/1.1,AE,12.985,10.619,142,Emirates Telecommunications Corporation,1.54E+12,24.298323,54.629171,fixed,02c6c484-c6b9-4369-9453-1765d6160986,LHR,com.qihoo.security.lite,mopub,22/11/2018 13:08,11692.91115,Yes,13,No,11692.911151756414,True
31.215.153.82 HTTP/1.1,AE,10.146,10.388,108,Emirates Telecommunications Corporation,1.54E+12,24.262195,54.699466,fixed,02c8b724-9245-40da-ad1f-32ac90816fc1,SIN|AMS,com.utorrent.client,mopub,22/11/2018 16:06,18707.77324,Yes,16,No,18707.773236536188,True
80.10.71.200 HTTP/1.1,JO,29.437,35.701,256,Orange S.A.,1.54E+12,32.007749,35.946077,fixed,02d01c18-abd9-40a5-b48d-025497ed8e90,MRS,com.askfm,mopub,26/11/2018 17:08,9211.926988,Yes,17,Yes,9211.926988597894,True
80.10.71.200 HTTP/1.1,JO,16.83,45.106,606,Orange S.A.,1.54E+12,32.007749,35.946077,fixed,02d01c18-abd9-40a5-b48d-025497ed8e90,MRS,com.askfm,mopub,26/11/2018 17:08,9211.926988,Yes,17,Yes,9211.926988597894,True
80.10.71.200 HTTP/1.1,JO,26.992,18.958,73,Orange S.A.,1.54E+12,32.007749,35.946077,fixed,02d01c18-abd9-40a5-b48d-025497ed8e90,MRS,com.askfm,mopub,26/11/2018 17:08,9211.926988,Yes,17,Yes,9211.926988597894,True
80.10.71.200 HTTP/1.1,JO,29.951,28.914,84,Orange S.A.,1.54E+12,32.007749,35.946077,fixed,02d01c18-abd9-40a5-b48d-025497ed8e90,MRS,com.askfm,mopub,26/11/2018 17:08,9211.926988,Yes,17,Yes,9211.926988597894,True
212.34.11.223 HTTP/1.1,JO,10.553,2.586,146,Jordan Telecommunications Company,1.54E+12,32.010764,35.768052,cellular,02d2ffd3-3c7d-419a-8189-66268ca9993a,MRS,caller.id.phone.number.block,mopub,26/11/2018 18:05,16630.12007,No,18,Yes,16630.120066401163,False
37.124.117.228 HTTP/1.1,SA,2.361,3.74,93,Mobily,1.54E+12,0,0,fixed,02d391b5-00b3-4eec-abfb-d770ebb64db5,DXB,com.askfm,mopub,13/11/2018 17:15,5463035.296,No,17,Yes,5463035.296035325,False
86.96.62.203 HTTP/1.1,AE,10.687,9.475,161,Emirates Telecommunications Corporation,1.54E+12,0,0,fixed,02d703b3-c293-47e6-bf58-7875439ab39c,LHR|AMS,com.skout.android,mopub,22/11/2018 16:35,6161509.752,No,16,No,6161509.752007091,False
5.156.69.8 HTTP/1.1,SA,23.666,4.763,130,Saudi Telecom Company Jsc,1.54E+12,24.732561,46.756464,cellular,02d8cf09-dbc2-449d-8149-30ede287b13e,AMS|LHR|FRA,com.gau.go.launcherex,mopub,21/11/2018 10:24,4261.650509,Yes,10,No,4261.650509448828,True
178.80.140.66 HTTP/1.1,SA,24.396,9.308,40,Mobily,1.54E+12,0,0,none,02da5a2a-7e8b-4649-b7ee-8b072b93484f,DXB,com.pixel.art.coloring.color.number,mopub,14/11/2018 14:00,5463035.296,No,14,No,5463035.296035325,False
31.215.165.29 HTTP/1.1,AE,1.699,3.287,161,Emirates Telecommunications Corporation,1.54E+12,24.350887,54.630011,fixed,02df1d18-cf7c-4b85-be6d-e7a17ef7746a,LHR|AMS,com.gau.go.launcherex,mopub,22/11/2018 12:43,6628.115177,Yes,12,No,6628.115177458082,True
188.247.72.136 HTTP/1.1,JO,13.174,3.476,77,Zain Jo,1.54E+12,31.799241,35.929341,cellular,02ea4462-c9c1-440d-98bd-bc0aec03f1f1,RUH,call.free.international.phone.call,mopub,26/11/2018 17:15,14437.62609,Yes,17,Yes,14437.62608738873,True
51.39.2.231 HTTP/1.1,SA,1.861,7.774,225,Zain Sa,1.54E+12,24.732397,46.696698,fixed,02ec418a-979a-4755-9ecb-35b9b7e8ae3e,RUH,com.myyearbook.m,mopub,21/11/2018 09:48,4179.233948,Yes,9,No,4179.2339482451225,True
80.10.72.9 HTTP/1.1,JO,10.903,2.888,3654,Orange S.A.,1.54E+12,0,0,fixed,02efb3a4-11af-4263-8a6c-68b44a4a5598,MRS,com.jb.emoji.gokeyboard,mopub,26/11/2018 18:48,4906135.766,No,18,Yes,4906135.7662387,False
92.241.53.209 HTTP/1.1,JO,1.924,23.822,138,Umniah,1.54E+12,0,0,cellular,02f0f2c4-e9d2-4e83-84b4-f43231cdb2a2,FRA,com.jb.zcamera,mopub,26/11/2018 18:13,4906135.766,No,18,Yes,4906135.7662387,False
92.241.53.120 HTTP/1.1,JO,10.32,21.337,137,Umniah,1.54E+12,32.00374,35.775316,cellular,02f171cc-c687-4627-9385-e136000c0cc4,FRA,com.askfm,mopub,26/11/2018 17:15,15631.88086,No,17,Yes,15631.880865028908,False
92.241.53.120 HTTP/1.1,JO,7.128,31.101,112,Umniah,1.54E+12,32.00374,35.775316,cellular,02f171cc-c687-4627-9385-e136000c0cc4,FRA,com.askfm,mopub,26/11/2018 17:15,15631.88086,No,17,Yes,15631.880865028908,False
109.83.239.221 HTTP/1.1,SA,4.859,4.807,116,Mobily,1.54E+12,24.724333,46.684812,fixed,031820d0-5462-4ef2-9d7d-145f45e077a6,DXB,com.skout.android,mopub,21/11/2018 09:56,4650.130935,Yes,9,No,4650.130935090328,True
188.247.78.255 HTTP/1.1,JO,0.669,2.688,180,Zain Jo,1.54E+12,0,0,fixed,0318dca8-ddfc-4b0d-8e32-3171d3896e15,RUH,com.bdj.vortexDroid,mopub,26/11/2018 17:15,4906135.766,No,17,Yes,4906135.7662387,False
212.34.20.83 HTTP/1.1,JO,10.402,0,121,Jordan Telecommunications Company,1.54E+12,0,0,cellular,0319e425-ff04-48ab-8128-3b83be9a4983,MRS,com.askfm,mopub,26/11/2018 19:45,4906135.766,No,19,No,4906135.7662387,False
212.34.20.83 HTTP/1.1,JO,5.493,0,982,Jordan Telecommunications Company,1.54E+12,0,0,cellular,0319e425-ff04-48ab-8128-3b83be9a4983,MRS,com.askfm,mopub,26/11/2018 19:45,4906135.766,No,19,No,4906135.7662387,False
176.47.98.85 HTTP/1.1,SA,8.508,11.071,126,Saudi Telecom Company Jsc,1.54E+12,21.417762,39.302241,cellular,031dbc5d-41d5-47d7-862e-094865ddb60f,FRA|LHR,com.gau.go.launcherex,mopub,13/11/2018 17:15,834852.6074,No,17,Yes,834852.6073867239,False
37.245.239.101 HTTP/1.1,AE,35.832,16.084,180,Etisalat,1.54E+12,25.14975,55.196331,cellular,03229252-c289-4405-aba3-86a28b12537c,AMS|LHR,com.skout.android,mopub,23/11/2018 09:55,103689.4954,No,9,No,103689.49539998522,False
5.45.133.47 HTTP/1.1,JO,5.953,17.57,102,Umniah Lil-Hawatef Al-Mutanaqelah Co.,1.54E+12,31.949784,35.928016,fixed,03260582-a446-464a-8586-5ac4d265f4a5,FRA,com.link.messages.sms,mopub,26/11/2018 19:56,2604.990788,Yes,19,No,2604.9907882830007,True
95.186.200.173 HTTP/1.1,SA,41.733,0,117,Saudi Telecom Company Jsc,1.54E+12,21.416257,39.194285,cellular,0329d6da-6c11-451d-a3da-2501168d9d1f,FRA|AMS,com.hundred.qibla,mopub,21/11/2018 09:12,844767.4952,No,9,No,844767.4951615629,False
80.10.15.174 HTTP/1.1,JO,2.091,2.756,188,Orange S.A.,1.54E+12,32.53817,35.864966,fixed,032c51f1-9ef6-425e-bbae-b88b9683c1a3,MRS,com.askfm,mopub,26/11/2018 18:40,67727.37327,No,18,Yes,67727.37327455994,False
178.86.28.121 HTTP/1.1,SA,1.171,1.01,204,Saudi Telecom Company Jsc,1.54E+12,0,0,cellular,032d3150-c3af-42b0-ad48-61dd52acc575,AMS,com.picsart.studio,mopub,13/11/2018 17:10,5463035.296,No,17,Yes,5463035.296035325,False
92.96.136.44 HTTP/1.1,AE,1.678,3.986,194,Emirates Telecommunications Corporation,1.54E+12,24.361577,54.660948,fixed,033739cd-bfde-4887-8e39-a430e0c2719f,LHR|AMS,com.skout.android,mopub,22/11/2018 17:13,8335.955238,Yes,17,Yes,8335.95523838367,True
92.96.136.44 HTTP/1.1,AE,4.773,1.834,200,Emirates Telecommunications Corporation,1.54E+12,24.361577,54.660948,fixed,033739cd-bfde-4887-8e39-a430e0c2719f,LHR|AMS,com.skout.android,mopub,22/11/2018 17:13,8335.955238,Yes,17,Yes,8335.95523838367,True
92.96.136.44 HTTP/1.1,AE,6.459,2.71,146,Emirates Telecommunications Corporation,1.54E+12,24.361577,54.660948,fixed,033739cd-bfde-4887-8e39-a430e0c2719f,LHR|SIN|AMS,com.skout.android,mopub,22/11/2018 17:13,8335.955238,Yes,17,Yes,8335.95523838367,True
92.96.136.44 HTTP/1.1,AE,1.833,3.12,1307,Emirates Telecommunications Corporation,1.54E+12,24.361577,54.660948,fixed,033739cd-bfde-4887-8e39-a430e0c2719f,SIN,com.skout.android,mopub,22/11/2018 17:14,8335.955238,Yes,17,Yes,8335.95523838367,True
92.96.136.44 HTTP/1.1,AE,3.707,3.957,803,Emirates Telecommunications Corporation,1.54E+12,24.361577,54.660948,fixed,033739cd-bfde-4887-8e39-a430e0c2719f,AMS,com.skout.android,mopub,22/11/2018 17:14,8335.955238,Yes,17,Yes,8335.95523838367,True
92.96.136.44 HTTP/1.1,AE,1.979,3.798,248,Emirates Telecommunications Corporation,1.54E+12,24.361577,54.660948,fixed,033739cd-bfde-4887-8e39-a430e0c2719f,LHR,com.skout.android,mopub,22/11/2018 17:14,8335.955238,Yes,17,Yes,8335.95523838367,True
92.96.136.44 HTTP/1.1,AE,1.238,2.645,293,Emirates Telecommunications Corporation,1.54E+12,24.361577,54.660948,fixed,033739cd-bfde-4887-8e39-a430e0c2719f,LHR|AMS,com.skout.android,mopub,22/11/2018 17:14,8335.955238,Yes,17,Yes,8335.95523838367,True
92.96.136.44 HTTP/1.1,AE,3.817,1.813,148,Emirates Telecommunications Corporation,1.54E+12,24.361577,54.660948,fixed,033739cd-bfde-4887-8e39-a430e0c2719f,LHR,com.skout.android,mopub,22/11/2018 17:14,8335.955238,Yes,17,Yes,8335.95523838367,True
92.96.136.44 HTTP/1.1,AE,9.29,5.698,200,Emirates Telecommunications Corporation,1.54E+12,24.361577,54.660948,fixed,033739cd-bfde-4887-8e39-a430e0c2719f,LHR|SIN,com.skout.android,mopub,22/11/2018 17:15,8335.955238,Yes,17,Yes,8335.95523838367,True
31.215.17.215 HTTP/1.1,AE,81.266,32.545,161,Emirates Telecommunications Corporation,1.54E+12,0,0,fixed,033d8928-71b7-4c8b-84e4-39d0146f5679,AMS|SIN,com.pixel.art.coloring.color.number,mopub,22/11/2018 16:30,6161509.752,No,16,No,6161509.752007091,False
2.88.195.231 HTTP/1.1,SA,1.222,5.106,205,Saudi Telecom Company Jsc,1.54E+12,0,0,fixed,034121ea-3fa6-4222-8c36-223e7c027977,LHR|AMS,com.picsart.studio,mopub,13/11/2018 17:15,5463035.296,No,17,Yes,5463035.296035325,False
2001:8f8:1481:4153:7879:5e57:dd69:884c HTTP/1.1,AE,14.13,5.026,110,Emirates Telecommunications Corporation,1.54E+12,0,0,fixed,0343250c-d67b-4da4-b3de-76fb37609e4b,DXB,com.skout.android,mopub,22/11/2018 16:22,6161509.752,No,16,No,6161509.752007091,False
95.184.44.245 HTTP/1.1,SA,6.19,2.871,190,Saudi Telecom Company Jsc,1.54E+12,0,0,fixed,034e60d8-d0ca-4074-89c8-1461a0eb8f96,FRA,com.gau.go.launcherex,mopub,14/11/2018 14:00,5463035.296,No,14,No,5463035.296035325,False
5.45.138.162 HTTP/1.1,JO,3.184,5.435,217,Umniah Lil-Hawatef Al-Mutanaqelah Co.,1.54E+12,0,0,fixed,0352cd9b-f548-4c70-95d3-e3f4ef8754af,FRA,com.cleanmaster.mguard,mopub,26/11/2018 18:19,4906135.766,No,18,Yes,4906135.7662387,False
37.42.78.119 HTTP/1.1,SA,43.704,20.738,107,Mobily,1.54E+12,0,0,none,0358c244-dc9b-4f01-bb6d-65d8ab35cca4,DXB,com.jiubang.alock,mopub,21/11/2018 09:12,5463035.296,No,9,No,5463035.296035325,False
91.73.61.12 HTTP/1.1,AE,30.832,17.765,174,Emirates Integrated Telecommunications Company Pjsc Eitc-Du,1.54E+12,24.475534,54.374575,cellular,0363c81b-5305-4f42-9180-6dd3eafed9a0,LHR,com.skout.android,mopub,23/11/2018 09:02,23374.39449,No,9,No,23374.394487800706,False
51.39.2.58 HTTP/1.1,SA,4.562,3.545,235,Zain Sa,1.54E+12,24.692927,46.795778,fixed,03664af0-9bc6-4ea9-b6e6-f42ffe37f9d1,RUH,com.paltalk.chat.android,mopub,21/11/2018 18:28,7195.59743,Yes,18,Yes,7195.59743003441,True
178.86.219.120 HTTP/1.1,SA,12.505,0,142,Saudi Telecom Company Jsc,1.54E+12,0,0,fixed,0366ca74-2531-489f-a51b-e467c8b9da13,AMS|FRA,com.nextwave.wcc_lt,mopub,14/11/2018 14:00,5463035.296,No,14,No,5463035.296035325,False
86.96.102.167 HTTP/1.1,AE,25.969,14.326,159,Emirates Telecommunications Corporation,1.54E+12,24.437256,54.428476,fixed,03674d8a-1847-4966-82ef-1e395da65932,AMS|LHR,com.skout.android,mopub,22/11/2018 17:13,16830.71639,Yes,17,Yes,16830.71638693068,True
46.32.124.170 HTTP/1.1,JO,0.648,1.172,233,Zain Jo,1.54E+12,0,0,cellular,036d26db-92e5-4d19-a817-d896676cc437,RUH,com.askfm,mopub,26/11/2018 17:15,4906135.766,No,17,Yes,4906135.7662387,False
94.204.121.94 HTTP/1.1,AE,7.265,5.823,179,Emirates Integrated Telecommunications Company Pjsc Eitc-Du,1.54E+12,25.026283,55.190669,fixed,03781b97-7d51-4eed-81fb-e6f0ad083500,LHR,com.myyearbook.m,mopub,23/11/2018 08:43,92670.66715,No,8,No,92670.66714552869,False
176.224.255.36 HTTP/1.1,SA,0.984,1.614,410,Mobily,1.54E+12,0,0,cellular,037b8014-8b34-40fb-875f-de2725b5b52e,DXB,com.naver.linewebtoon,mopub,13/11/2018 17:11,5463035.296,No,17,Yes,5463035.296035325,False
176.224.255.36 HTTP/1.1,SA,0.432,2.046,1353,Mobily,1.54E+12,0,0,cellular,037b8014-8b34-40fb-875f-de2725b5b52e,DXB,com.naver.linewebtoon,mopub,13/11/2018 17:11,5463035.296,No,17,Yes,5463035.296035325,False
176.224.255.36 HTTP/1.1,SA,0.153,2.224,346,Mobily,1.54E+12,0,0,cellular,037b8014-8b34-40fb-875f-de2725b5b52e,DXB,com.naver.linewebtoon,mopub,13/11/2018 17:11,5463035.296,No,17,Yes,5463035.296035325,False
176.224.255.36 HTTP/1.1,SA,0.818,1.148,434,Mobily,1.54E+12,0,0,cellular,037b8014-8b34-40fb-875f-de2725b5b52e,DXB,com.naver.linewebtoon,mopub,13/11/2018 17:11,5463035.296,No,17,Yes,5463035.296035325,False
37.42.95.8 HTTP/1.1,SA,1.116,7.42,170,Mobily,1.54E+12,0,0,fixed,037b8014-8b34-40fb-875f-de2725b5b52e,DXB,com.naver.linewebtoon,mopub,21/11/2018 17:21,5463035.296,No,17,Yes,5463035.296035325,False
93.168.131.135 HTTP/1.1,SA,0.484,3.997,307,Saudi Telecom Company Jsc,1.54E+12,26.381422,43.927433,none,03806054-38c7-41b7-a1bd-67aaa4bd72e1,AMS,mingle.android.mingle,mopub,21/11/2018 17:21,338592.0847,No,17,Yes,338592.0846853368,False
93.169.248.249 HTTP/1.1,SA,13.277,4.956,362,Saudi Telecom Company Jsc,1.54E+12,0,0,fixed,038b49d6-c263-4728-82d4-bfaf245db362,LHR|FRA,com.picsart.studio,mopub,13/11/2018 17:11,5463035.296,No,17,Yes,5463035.296035325,False
51.39.246.120 HTTP/1.1,SA,0.726,2.651,139,Zain Sa,1.54E+12,26.398011,50.041662,cellular,039046ce-9ef8-4266-90df-0028e415fd3d,RUH,thinkcube.project307,mopub,14/11/2018 14:00,384304.8656,No,14,No,384304.8656082829,False
37.240.4.64 HTTP/1.1,SA,7.773,5.92,67,Mobily,1.54E+12,0,0,fixed,039585b3-39cf-41b8-8f94-5cf1a13480f4,DXB,com.h8games.helixjump,mopub,13/11/2018 17:11,5463035.296,No,17,Yes,5463035.296035325,False
188.247.73.98 HTTP/1.1,JO,2.516,2.841,81,Zain Jo,1.54E+12,31.909039,35.960308,cellular,03980c06-f103-42d3-a460-dc1efc2a09cd,RUH,com.whoshere.whoshere,mopub,26/11/2018 18:11,4783.84295,Yes,18,Yes,4783.842949753856,True
51.36.17.221 HTTP/1.1,SA,25.472,14.051,152,Zain Sa,1.54E+12,24.621755,46.716648,fixed,03a66be1-5b86-454e-a9c7-776e3e77d6e8,RUH,com.skout.android,mopub,21/11/2018 10:20,9369.560668,Yes,10,No,9369.56066788072,True
176.17.19.119 HTTP/1.1,SA,23.338,4.651,87,Mobily,1.54E+12,24.511464,39.586139,cellular,03a6d9f3-1f6e-4d3b-97bc-b8ec05779e87,DXB,com.jb.zcamera,mopub,21/11/2018 17:30,722806.6654,No,17,Yes,722806.6654489839,False
